ScenarioID,ReqID,Category,ParameterDescription,Parameter,ParameterType,Value,Unit,CMParam,Min,Max,Step,AppendValue
Sce_397,Req_397,CCRb,v_ego,v_ego,Variable,50,km/h,DrivMan.Init.Velocity,10,30,10,
Sce_397,Req_397,CCRb,v_target,v_target,Variable,50,km/h,Traffic.0.Init.v,40,60,10,
Sce_397,Req_397,CCRb,distance,distance,Variable,40,m,Eval Time <= 5.0 ? Traffic.T00.tx,30,50,10,
Sce_397,Req_397,CCRb,target_acceleration,target_acceleration,Variable,-6,m/s2,Eval Time > 5.0 ? Traffic.T00.tx,2,6,1,
